dataset,selector,selector_variant,score_type,p1,p2,p3,p4plus,max_period,n_rules
1D ECA,Residual,candidate_residual_joint,residual_defect_rate,0,0,0,3,10,3
1D ECA,NLL,candidate_nll_joint,bernoulli_nll,0,0,0,3,10,3
1D ECA,NML,candidate_nml_joint_hybrid,bernoulli_nml,1,0,0,2,4,3
LifeWiki,Residual,candidate_residual_joint,residual_defect_rate,16,8,0,81,8,105
LifeWiki,NLL,candidate_nll_joint,bernoulli_nll,0,0,0,105,8,105
LifeWiki,NML,candidate_nml_joint_hybrid,bernoulli_nml,97,7,0,1,8,105
3D,Residual,candidate_residual_joint,residual_defect_rate,0,0,0,1,6,1
3D,NLL,candidate_nll_joint,bernoulli_nll,0,0,0,1,6,1
3D,NML,candidate_nml_joint_hybrid,bernoulli_nml,1,0,0,0,1,1
